# Name, t0, tobsJ, tobsH, tobsJmag, tobsHmag, alpha1, alpha2, tbreak, specindex, ra, dec, z
GRB050904A,53617.07759259,3.07,9.79,17.36,18.17,-0.9,-1.9,2.1,-1.25,13.71164,14.08595,6.39
GRB080913A,54722.28256944,0.1016,0.1016,19.96,19.64,-1.03,-1.03,1.,-1.12,65.7280,-24.1295,6.695
